Poem_Name,Poem_Number,Line,Metaphor_present_or_not,Count_of_the_metaphor,Poet,Metaphorical_Terms,Source_Domain,Target_Domain,Interpretation,Year
යශෝදරාවක් විය නුඹ,1,විඳි දුක් ගැහැට අඩු නැත මහමෙර උසට,YES,1,එරංග දසනායක,දුක් ගැහැට අඩු නැත මහමෙර උසට,මහමෙර,දුක් ගැහැට, දුක ඉතා විශාල බව,2016
යශෝදරාවක් විය නුඹ,1,හද ගිණි නිවන කඳුළැල් අඩු නැත නෙතට,NO,0,එරංග දසනායක,,,,,2016
යශෝදරාවක් විය නුඹ,1,පෑළ දොරින් පැන ගිය පෙම්බර නමට,NO,0,එරංග දසනායක,,,,,2016
යශෝදරාවක් විය නුඹ,1,තව ණය ගෙවයි පෙම් කල පුරුවේ පවට…,NO,0,එරංග දසනායක,,,,,2016
යශෝදරාවක් විය නුඹ,1,පහන් කන්ද සේ බබළන රූ සපුව,YES,1,එරංග දසනායක,පහන් කන්ද සේ බබළන රූ සපුව,පහන් කන්ද,රූ සපුව,රූපය ඉතා ලස්සන බව.,2016
යශෝදරාවක් විය නුඹ,1,ගිණි කන්දට පෙම් බැන්දා රුවැත්තිය,NO,0,එරංග දසනායක,,,,,2016
යශෝදරාවක් විය නුඹ,1,හිම මෙන් දියවුනත් ආදර සිත් පොදිය,YES,1,එරංග දසනායක,හිම මෙන් දියවුනත් ආදර සිත් පොදිය,හිම,ආදර සිත් පොදිය, ආදර සිතුවිලි තාවකාලික බව.,2016
යශෝදරාවක් විය නුඹ,1,කඳුල සුසුම තනි රැක්කා නුඹ අසළ…,NO,0,එරංග දසනායක,,,,,2016
යශෝදරාවක් විය නුඹ,1,අඩුවී නොමැත අව්වේ ඇති රැස් මලා,NO,0,එරංග දසනායක,,,,,2016
යශෝදරාවක් විය නුඹ,1,මන්දිර නොමැත ගව්වෙන් ගව්වට සදාලා,NO,0,එරංග දසනායක,,,,,2016
යශෝදරාවක් විය නුඹ,1,කුසුම් කැකුළ අකලට ලොව තනිවීලා,YES,1,එරංග දසනායක,කුසුම් කැකුළ,කුසුම් කැකුළ,නුඹ,තවමත් තරුණ වයසේ පසුවන බව,2016
යශෝදරාවක් විය නුඹ,1,විඳවයි තනිව හැමදාමත් වැලපීලා…,NO,0,එරංග දසනායක,,,,,2016
යශෝදරාවක් විය නුඹ,1,සිහින පොදි බැඳන් සිටියත් ලොවට හොරා,NO,0,එරංග දසනායක,,,,,2016
යශෝදරාවක් විය නුඹ,1,බිඳුණු කැඩපතින් නොබනල් රූ වරුණා,NO,0,එරංග දසනායක,,,,,2016
යශෝදරාවක් විය නුඹ,1,මේ බවයේ තනි වුවත් ආල නුරා,NO,0,එරංග දසනායක,,,,,2016
යශෝදරාවක් විය නුඹ,1,ආදර නමට නුඹ වුවා යසෝදරා…,YES,1,එරංග දසනායක,නුඹ වුවා යසෝදරා,යසෝදරා,නුඹ, යශෝධරා බිසව මෙන් ඔබ දුක් විඳින බව.,2016
මිය ගිය මතකය,2,බොල් අඳුර ගලා’විත් කවුළු දොර අබියසට,NO,0,හශින්ත විදානපතිරණ,,,,,2016
මිය ගිය මතකය,2,මට රවා නින්ද අරගෙන ඉගිළ යන විටක,NO,0,හශින්ත විදානපතිරණ,,,,,2016
මිය ගිය මතකය,2,සෙමින් එකිනෙක සැලෙන පොත් පිටු ද අතර ඔබ,NO,0,හශින්ත විදානපතිරණ,,,,,2016
මිය ගිය මතකය,2,කවි වැලක් සේ පෙනුනි අකුරු අතරෙහි රැඳුන,YES,1,හශින්ත විදානපතිරණ,කවි වැලක් සේ පෙනුනි,කවි වැලක්,ඔබ, මිහිරි මතකයක් බව.,2016
මිය ගිය මතකය,2,මොහොතකට කවුලු දොර දෙස බලා සිනාසුන,NO,0,හශින්ත විදානපතිරණ,,,,,2016
මිය ගිය මතකය,2,හිරිකඩය සුලං රැලි පෙළා මා ගත රැඳුන,NO,0,හශින්ත විදානපතිරණ,,,,,2016
මිය ගිය මතකය,2,හදිසියේ අවදි වුණ විලස මා ඔබ දෙසම,NO,0,හශින්ත විදානපතිරණ,,,,,2016
මිය ගිය මතකය,2,දෙනෙත් නොපියා බලා සිටි අයුරු දෝ මතක,NO,0,හශින්ත විදානපතිරණ,,,,,2016
මිය ගිය මතකය,2,පොතේ පිටු අතර රැඳි දහස් පද වැල් අතර,NO,0,හශින්ත විදානපතිරණ,,,,,2016
මිය ගිය මතකය,2,සිහි නොවුනි ඔබව මට මෙබඳු මොහොතක මිසක,NO,0,හශින්ත විදානපතිරණ,,,,,2016
මිය ගිය මතකය,2,එහෙත් මේ හදිසියේ මන්ද ඔබ මා හදට,NO,0,හශින්ත විදානපතිරණ,,,,,2016
මිය ගිය මතකය,2,පිවිසුනේ ඇද හැලෙන පොහොන් වැස්සක් ලෙසට,YES,1,හශින්ත විදානපතිරණ,ඇද හැලෙන පොහොන් වැස්සක් ලෙසට,ඇද හැලෙන පොහොන් වැස්සක්,ඔබ, හදිසියේ ආ ප්‍රබල සිතුවිල්ලක්.,2016
මිය ගිය මතකය,2,එදා අවුරුදු ගණන් පෙරදි මා ඔබ හමුව,NO,0,හශින්ත විදානපතිරණ,,,,,2016
මිය ගිය මතකය,2,ගෙවී ගිය සොඳුරුතම මිහිරි වූ ගී වැල්ය,NO,0,හශින්ත විදානපතිරණ,,,,,2016
මිය ගිය මතකය,2,දිනෙන් දින ඉරි තැලී ගිය මගේ හදවතම,NO,0,හශින්ත විදානපතිරණ,,,,,2016
මිය ගිය මතකය,2,අදත් ඔබ නමින් ඉඩ තවත් ඇත්තේ මන්ද,NO,0,හශින්ත විදානපතිරණ,,,,,2016
මිය ගිය මතකය,2,ලෝකයේ කොතැන හෝ මා නොහඳුනා තැනක,NO,0,හශින්ත විදානපතිරණ,,,,,2016
මිය ගිය මතකය,2,සරණු ඇත ඔබත් පෙර මතක නටබුන් අතර,YES,1,හශින්ත විදානපතිරණ,මතක නටබුන්,නටබුන්,මතක,ඉතා පැරණි මතකයන්.,2016
මිය ගිය මතකය,2,ඉගිල යන පවනකට ඔබෙ හුස්ම එකලු කර,NO,0,හශින්ත විදානපතිරණ,,,,,2016
මිය ගිය මතකය,2,හදට සුසුමක් විලස ගලා යයි හද තුලට,NO,0,හශින්ත විදානපතිරණ,,,,,2016
මිය ගිය මතකය,2,මීට දිගු කලක පෙර මිහිදන්ව ගිය මතක,NO,0,හශින්ත විදානපතිරණ,,,,,2016
මිය ගිය මතකය,2,සොයා හද බිම කණිමි පහන් වන තුරා රැය,NO,0,හශින්ත විදානපතිරණ,,,,,2016
මිය ගිය මතකය,2,කොහේ හෝ නිසංසල තැනක සැඟවී යලිත්,NO,0,හශින්ත විදානපතිරණ,,,,,2016
මිය ගිය මතකය,2,පෙනෙයි ඔබ දහස් ගණනින් ලියූ අකුරු මැද,NO,0,හශින්ත විදානපතිරණ,,,,,2016
මිය ගිය මතකය,2,ආදරය තනිකඩව ඉකි බිඳින සුසානෙක,NO,0,හශින්ත විදානපතිරණ,,,,,2016
මිය ගිය මතකය,2,ඔබ නමින් ලියැවේවි ජීවිතේ සොහොන් කොත,YES,1,හශින්ත විදානපතිරණ,ජීවිතේ සොහොන් කොත,සොහොන් කොත,ජීවිතේ,ජීවිතය  ඔබ සතු බව ,2016
මිය ගිය මතකය,2,පුංචි ඉටි පහනක්ව යලිත් හිත ළඟට’විත්,YES,1,හශින්ත විදානපතිරණ,පුංචි ඉටි පහනක්ව,ඉටි පහනක්,ඔබ,සතුට ලබා දෙන බව.,2016
මිය ගිය මතකය,2,මතක මිටියාවතම එළිය වී හිඳිනු ඔබ….!!,NO,0,හශින්ත විදානපතිරණ,,,,,2016
මහ ඉඩම ,3,මට මතක,NO,0,සමන් විජේසූරිය,,,,,2015
මහ ඉඩම ,3,පොඩි දවස්වල,NO,0,සමන් විජේසූරිය,,,,,2015
මහ ඉඩම ,3,එක දිගට,NO,0,සමන් විජේසූරිය,,,,,2015
මහ ඉඩම ,3,මල් පිපුණු,NO,0,සමන් විජේසූරිය,,,,,2015
මහ ඉඩම ,3,මහ ඉඩම,NO,0,සමන් විජේසූරිය,,,,,2015
මහ ඉඩම ,3,සිටුවා පපුව උඩ,NO,0,සමන් විජේසූරිය,,,,,2015
මහ ඉඩම ,3,කොන්ක්‍රීට් කණු,NO,0,සමන් විජේසූරිය,,,,,2015
මහ ඉඩම ,3,කඩා සහෝදරකමේ දම්වැල්,YES,1,සමන් විජේසූරිය,සහෝදරකමේ දම්වැල්,දම්වැල්,සහෝදරකම, ඉතා ශක්තිමත් බැඳීමක්.,2015
මහ ඉඩම ,3,මීටර ගණනට,NO,0,සමන් විජේසූරිය,,,,,2015
මහ ඉඩම ,3,සීයලාගේ සොහොන් මැද්දෙන්,NO,0,සමන් විජේසූරිය,,,,,2015
මහ ඉඩම ,3,වෙන්කළ,NO,0,සමන් විජේසූරිය,,,,,2015
මහ ඉඩම ,3,මහ ඉඩම,NO,0,සමන් විජේසූරිය,,,,,2015
මහ ඉඩම ,3,නිල් දිය ඉනූ,NO,0,සමන් විජේසූරිය,,,,,2015
මහ ඉඩම ,3,මහ ළිඳ,NO,0,සමන් විජේසූරිය,,,,,2015
මහ ඉඩම ,3,දඬු මුගුරු පාවෙන-බොරදිය,NO,0,සමන් විජේසූරිය,,,,,2015
මහ ඉඩම ,3,මල කා දිරන,NO,0,සමන් විජේසූරිය,,,,,2015
මහ ඉඩම ,3,කප්පිය -පනිට්ටුව,NO,0,සමන් විජේසූරිය,,,,,2015
මහ ඉඩම ,3,තේජස් මහ ගෙදර,NO,0,සමන් විජේසූරිය,,,,,2015
මහ ඉඩම ,3,සමතලා වුණු බිම,NO,0,සමන් විජේසූරිය,,,,,2015
මහ ඉඩම ,3,මහ පොලොව බදාගෙන,NO,0,සමන් විජේසූරිය,,,,,2015
මහ ඉඩම ,3,වැවෙයි රට තණකොළ,NO,0,සමන් විජේසූරිය,,,,,2015
මහ ඉඩම ,3,යළි මල් නොපිපෙනා බිම,NO,0,සමන් විජේසූරිය,,,,,2015
මහ ඉඩම ,3,තුඹස් පමණක්ය,NO,0,සමන් විජේසූරිය,,,,,2015
මහ ඉඩම ,3,උනුන් පරයා නැගෙන….,NO,0,සමන් විජේසූරිය,,,,,2015
 උප්පලවණ්ණා,4,මල්බර රුකෙක සිරිගත්‌ නව තුරුණු බිම,NO,0, පී. බී. අල්විස් පෙරේරා,,,,,1948
 උප්පලවණ්ණා,4,ඔබගේ යොවුන්‌ කය දඹරන්‌ රුවක සම,YES,1, පී. බී. අල්විස් පෙරේරා,කය දඹරන්‌ රුවක සම,දඹරන්‌ රුව,කය, ඉතා පැහැපත් ශරීරයක් බව.,1948
 උප්පලවණ්ණා,4,ගුරු පෑ පෙවු රෙදි කඩකින්‌ වසනු කිම,NO,0, පී. බී. අල්විස් පෙරේරා,,,,,1948
 උප්පලවණ්ණා,4,බරණැස්‌ කසී සළුපිළි පළඳුවමී මම,NO,0, පී. බී. අල්විස් පෙරේරා,,,,,1948
 උප්පලවණ්ණා,4,තරු වැනි මහභු මිණිතැල්ල බැඳ ගෙ ලට,YES,1, පී. බී. අල්විස් පෙරේරා,තරු වැනි මහභු මිණිතැල්ල,තරු,මිණිතැල්ල,මිණි තැල්ල ඉතා දිලිසෙන බව,1948
 උප්පලවණ්ණා,4,අගනා වතක්‌ හැඳ රැලි ගැන්නූ පෙලට,NO,0, පී. බී. අල්විස් පෙරේරා,,,,,1948
 උප්පලවණ්ණා,4,සුසුමෙන්‌ අළුත්‌ නූපුර හඬවා බොලට,NO,0, පී. බී. අල්විස් පෙරේරා,,,,,1948
 උප්පලවණ්ණා,4,ආචා අඳුර කිමිදී ඈ නුගමුලට,NO,0, පී. බී. අල්විස් පෙරේරා,,,,,1948
 උප්පලවණ්ණා,4,අබිසරහනගෙ උණුසුම දිය පිහිල්ලකි,YES,1, පී. බී. අල්විස් පෙරේරා,අබිසරහනගෙ උණුසුම දිය පිහිල්ලකි,දිය පිහිල්ල,අබිසරහනගෙ උණුසුම, ඉතා තද උණුසුමක්.,1948
 උප්පලවණ්ණා,4,ඇගෙ මිණිබරණ අඳුරට රැස්‌ කැරැල්ලකි,YES,1, පී. බී. අල්විස් පෙරේරා,මිණිබරණ අඳුරට රැස්‌ කැරැල්ලකි,රැස්‌ කැරැල්ල,මිණිබරණ,මිණි බරණ ඉතා දිලිසෙන බව.,1948
 උප්පලවණ්ණා,4,හදිසියෙ ඇසුණු මේ ගිගුමකි විදිල්ලකි,YES,2, පී. බී. අල්විස් පෙරේරා,ඇසුණු මේ ගිගුමකි විදිල්ලකි,"ගිගුම, විදිල්ල",කටහඬ, කටහඬ ඉතා ප්‍රබල බව.,1948
 උප්පලවණ්ණා,4,සමිඳුන්‌ සවස සිටි තැන ඇට සැකිල්ලකි,YES,1, පී. බී. අල්විස් පෙරේරා,සවස සිටි තැන ඇට සැකිල්ලකි,ඇට සැකිල්ල,ඇය,ඉතා බියට පත්වූ බව.,1948
අප දෙදෙනා,5,නිසංසලේ ඔබ,NO,0,බුද්ධදාස ගලප්පත්ති,,,,,1991
අප දෙදෙනා,5,පා නැගූ මාවත ඉදිරියේ,NO,0,බුද්ධදාස ගලප්පත්ති,,,,,1991
අප දෙදෙනා,5,නැගුණි ද මා පවුරක්‌ ලෙසින්‌,YES,1,බුද්ධදාස ගලප්පත්ති,මා පවුරක්‌ ලෙසින්‌,පවුර,මා,මා බාධාවක් බව.,1991
අප දෙදෙනා,5,නිල්වන්‌ වු ඔබේ හද ගුවන්‌ ගැබ,YES,1,බුද්ධදාස ගලප්පත්ති,,ගුවන්‌ ගැබ,ඔබේ හද, ඔබට බොහෝ බලාපොරොත්තු ඇති බව.,1991
අප දෙදෙනා,5,නිල්ල පරයා නැගුණු,NO,0,බුද්ධදාස ගලප්පත්ති,,,,,1991
අප දෙදෙනා,5,අඳුරු වැහිබර,NO,0,බුද්ධදාස ගලප්පත්ති,,,,,1991
අප දෙදෙනා,5,වලාකුළ වී ද මා,YES,1,බුද්ධදාස ගලප්පත්ති,වලාකුළ වී ද මා,වලාකුළ,මා,මා ඔබට දුකක් බව.,1991
අප දෙදෙනා,5,පවුරක්‌ සේ නැගුණ ද,YES,1,බුද්ධදාස ගලප්පත්ති,පවුරක්‌ සේ,පවුර,මා,මා බාධාවක් බව.,1991
අප දෙදෙනා,5,වැහි වලාවක්‌ සේ ඇඳුණ ද,YES,1,බුද්ධදාස ගලප්පත්ති,වැහි වලාවක්‌ සේ,වැහි වලාව,මා,මා ඔබට දුකක් බව.,1991
අප දෙදෙනා,5,ඔබෙ සිහිල නොවෙද මා පැතුවේ,NO,0,බුද්ධදාස ගලප්පත්ති,,,,,1991
අප දෙදෙනා,5,ඔබ සිහිල නොවෙද මා පැතුවේ,NO,0,බුද්ධදාස ගලප්පත්ති,,,,,1991
අප දෙදෙනා,5,නිසංසලේ මාවතේ පා නැගූ ඔබ,NO,0,බුද්ධදාස ගලප්පත්ති,,,,,1991
අප දෙදෙනා,5,රුදුරු වූවා ද අද දින,NO,0,බුද්ධදාස ගලප්පත්ති,,,,,1991
අප දෙදෙනා,5,පෙරළා දමන්නට මා,NO,0,බුද්ධදාස ගලප්පත්ති,,,,,1991
අප දෙදෙනා,5,සැඩ රළ එකතු කොට,NO,0,බුද්ධදාස ගලප්පත්ති,,,,,1991
අප දෙදෙනා,5,වේගයෙන්‌ ඇදෙමින්‌ පෙරට,NO,0,බුද්ධදාස ගලප්පත්ති,,,,,1991
අප දෙදෙනා,5,ඔබේ සිහිල ද සුවඳ,NO,0,බුද්ධදාස ගලප්පත්ති,,,,,1991
අප දෙදෙනා,5,විඳින්නට සදා කල්‌,NO,0,බුද්ධදාස ගලප්පත්ති,,,,,1991
අප දෙදෙනා,5,නොහැකි වග දනිමි මම,NO,0,බුද්ධදාස ගලප්පත්ති,,,,,1991
අප දෙදෙනා,5,මේ සාවු දිගු කලක්‌,NO,0,බුද්ධදාස ගලප්පත්ති,,,,,1991
අප දෙදෙනා,5,චින්ද මුත්‌ ඒ සතුට,NO,0,බුද්ධදාස ගලප්පත්ති,,,,,1991
අප දෙදෙනා,5,නිමාවන දින පැමිණ,NO,0,බුද්ධදාස ගලප්පත්ති,,,,,1991
අප දෙදෙනා,5,තිබෙන වග හැඟේ මට,NO,0,බුද්ධදාස ගලප්පත්ති,,,,,1991
අප දෙදෙනා,5,හඬා වැටුණ ද කොතෙක්‌,NO,0,බුද්ධදාස ගලප්පත්ති,,,,,1991
අප දෙදෙනා,5,තවත්‌ දිගු කාලයක්‌,NO,0,බුද්ධදාස ගලප්පත්ති,,,,,1991
අප දෙදෙනා,5,ඔබෙ සිහිල ඔබෙ සුවඳ,NO,0,බුද්ධදාස ගලප්පත්ති,,,,,1991
අප දෙදෙනා,5,මවෙත රඳවනු කියා,NO,0,බුද්ධදාස ගලප්පත්ති,,,,,1991
අප දෙදෙනා,5,දනිමි,NO,0,බුද්ධදාස ගලප්පත්ති,,,,,1991
අප දෙදෙනා,5,පලක්‌ නොවනා වග,NO,0,බුද්ධදාස ගලප්පත්ති,,,,,1991
අප දෙදෙනා,5,මන්ද,NO,0,බුද්ධදාස ගලප්පත්ති,,,,,1991
අප දෙදෙනා,5,ඔබේ සිහිල,NO,0,බුද්ධදාස ගලප්පත්ති,,,,,1991
අප දෙදෙනා,5,ඔබේ ජීවන සුවඳ,NO,0,බුද්ධදාස ගලප්පත්ති,,,,,1991
අප දෙදෙනා,5,ඔබේම මිස,NO,0,බුද්ධදාස ගලප්පත්ති,,,,,1991
අප දෙදෙනා,5,මගේ නොවනා නිසා,NO,0,බුද්ධදාස ගලප්පත්ති,,,,,1991
 නොමියෙමි,6,ඔබ මට සිහි වෙයි.,NO,0,මහගමසේකර,,,,,1973
 නොමියෙමි,6,දහසක්‌ ගිලනුන්‌ මිය ගිය,NO,0,මහගමසේකර,,,,,1973
 නොමියෙමි,6,මේ ඇඳ මත,NO,0,මහගමසේකර,,,,,1973
 නොමියෙමි,6,නිසලව වැතිරී මම,NO,0,මහගමසේකර,,,,,1973
 නොමියෙමි,6,ඔබ ගැන සිත සිතා ඉඳිමි.,NO,0,මහගමසේකර,,,,,1973
 නොමියෙමි,6,මෙය,NO,0,මහගමසේකර,,,,,1973
 නොමියෙමි,6,මැදියම්‌ රැය විය හැක.,NO,0,මහගමසේකර,,,,,1973
 නොමියෙමි,6,කාලය ගලා නොයයි.,NO,0,මහගමසේකර,,,,,1973
 නොමියෙමි,6,විශ්ව නිශ්ශබ්දය.,NO,0,මහගමසේකර,,,,,1973
 නොමියෙමි,6,එකී නිහඬතාවය මැද,NO,0,මහගමසේකර,,,,,1973
 නොමියෙමි,6,ගන නිල්‌ කරුවල තුළ,NO,0,මහගමසේකර,,,,,1973
 නොමියෙමි,6,යාන්තමින්‌ සිතට ඇසෙයි,NO,0,මහගමසේකර,,,,,1973
 නොමියෙමි,6,කඳු මුදුනින්‌ බැස ගෙන,NO,0,මහගමසේකර,,,,,1973
 නොමියෙමි,6,මිටියාචත දිගේ ගලන,NO,0,මහගමසේකර,,,,,1973
 නොමියෙමි,6,ඔබේ මිහිරි ගී රාවය.,NO,0,මහගමසේකර,,,,,1973
 නොමියෙමි,6,කවදාවත්‌ නැති තරමට,NO,0,මහගමසේකර,,,,,1973
 නොමියෙමි,6,අද ඔබ මට ආසන්නය,NO,0,මහගමසේකර,,,,,1973
 නොමියෙමි,6,නිඳි බර සුසුම්‌ රොදක්‌,NO,0,මහගමසේකර,,,,,1973
 නොමියෙමි,6,රහසක්‌ මෘ කනට කියයි.,NO,0,මහගමසේකර,,,,,1973
 නොමියෙමි,6,සියුමැලි ඇඟිලි තුඬක්‌,NO,0,මහගමසේකර,,,,,1973
 නොමියෙමි,6,මා ඇසි පිය සෙමෙන්‌ සිඹියි.,NO,0,මහගමසේකර,,,,,1973
 නොමියෙමි,6,ඉවකින්‌ මෙන්‌ මට වැටහෙයි :,NO,0,මහගමසේකර,,,,,1973
 නොමියෙමි,6,ඔබ මා සමඟ සිටියි.,NO,0,මහගමසේකර,,,,,1973
 නොමියෙමි,6,උණුසුම්‌ සුළඟක්‌ සේ,YES,1,මහගමසේකර,උණුසුම්‌ සුළඟක්‌ සේ,උණුසුම්‌ සුළඟක්‌,ඔබ,ඔබ මා හට සහනයක් බව.,1973
 නොමියෙමි,6,පර මල්‌ සුවඳක්‌ සේ.,YES,1,මහගමසේකර,පර මල්‌ සුවඳක්‌ සේ.,පර මල්‌ සුවඳක්‌,ඔබ,ඔබ මා හට සහනයක් බව.,1973
 නොමියෙමි,6,දුන්‌ මට තනියක්‌ නැත.,NO,0,මහගමසේකර,,,,,1973
 නොමියෙමි,6,නොගැයූ ගීයක තනුවක්‌ වී,YES,1,මහගමසේකර,ගීයක තනුවක්‌ වී,ගීයක තනුවක්‌,ඔබ,ඔබ මා හට සහනයක් බව.,1973
 නොමියෙමි,6,නොහෙලූ කඳුළක සිහිලක්‌ වී,YES,1,මහගමසේකර,කඳුළක සිහිලක්‌ වී,කඳුළක සිහිලක්‌,ඔබ,ඔබ මා හට සහනයක් බව.,1973
 නොමියෙමි,6,නොපැතූ පැතුමක කළලක්‌ වී,YES,1,මහගමසේකර,පැතුමක කළලක්‌ වී,පැතුමක කළලක්‌,ඔබ,ඔබ මා හට සහනයක් බව.,1973
 නොමියෙමි,6,නොපෙනී ඔබ මා සමඟ සිටී.,NO,0,මහගමසේකර,,,,,1973
 නොමියෙමි,6,සැහැල්ලු ය සිත,NO,0,මහගමසේකර,,,,,1973
 නොමියෙමි,6,බරක්‌ නොමැතිය.,NO,0,මහගමසේකර,,,,,1973
 නොමියෙමි,6,අනන්ත අපරිමාණ විශ්වය තුළ,NO,0,මහගමසේකර,,,,,1973
 නොමියෙමි,6,සෙමෙන්‌ සෙමෙන්‌,NO,0,මහගමසේකර,,,,,1973
 නොමියෙමි,6,විසිරි යන,NO,0,මහගමසේකර,,,,,1973
 නොමියෙමි,6,පුළුන්‌ වලා රොදක්මී මම,YES,1,මහගමසේකර,පුළුන්‌ වලා රොදක්මී මම,වලා රොදක්,මම, ඔබ මා සමග සිටින විට සිත ඉතා සැහැල්ලු බව.,1973
නිම්නැති තුන්යම,7,සොඳුරු අරුත ජීවිතයේ කියා,NO,0,බුද්ධදාස ගලප්පත්ති,,,,,2007
නිම්නැති තුන්යම,7,අඳුරු සිතට පහනක්‌ වී ළඟින්‌,YES,1,බුද්ධදාස ගලප්පත්ති,අඳුරු සිතට පහනක්‌ වී,පහනක්‌,නුඹ,  නුඹ සිතට සහනයක් බව.,2007
නිම්නැති තුන්යම,7,සොඳුරු නුඹම කුරිරුව ඔසවමින්‌,NO,0,බුද්ධදාස ගලප්පත්ති,,,,,2007
නිම්නැති තුන්යම,7,දරුණු වන්ට කාරණ කිම්දැයි,NO,0,බුද්ධදාස ගලප්පත්ති,,,,,2007
නිම්නැති තුන්යම,7,රැදුරු රකුසු නෙතූ අපදෙස රචන,NO,0,බුද්ධදාස ගලප්පත්ති,,,,,2007
නිම්නැති තුන්යම,7,තුරුළු වී එදා සිටියේ නුඹ,NO,0,බුද්ධදාස ගලප්පත්ති,,,,,2007
නිම්නැති තුන්යම,7,කුරිරු වන්න නුඹ ලෙස බැරිවුණත්‌,NO,0,බුද්ධදාස ගලප්පත්ති,,,,,2007
නිම්නැති තුන්යම,7,මහරු නුඹෙ පෙමට මා ණය ගැති,NO,0,බුද්ධදාස ගලප්පත්ති,,,,,2007
ආබාධිත පුත්‍රයාගේ යාඥාව,8,අඬන්නෙ 'පා අම්මේ,NO,0,රත්න ශ්‍රී විජේසිංහ,,,,,1998
ආබාධිත පුත්‍රයාගේ යාඥාව,8,මට කඳුළු නොවෙයි ඕනෑ.,NO,0,රත්න ශ්‍රී විජේසිංහ,,,,,1998
ආබාධිත පුත්‍රයාගේ යාඥාව,8,සුබ දසුන්‌ පරවී,NO,0,රත්න ශ්‍රී විජේසිංහ,,,,,1998
ආබාධිත පුත්‍රයාගේ යාඥාව,8,දිය සිඳුණු නෙත්‌ පොකුණේ,YES,1,රත්න ශ්‍රී විජේසිංහ,නෙත්‌ පොකුණේ,පොකුණ,නෙත්‌,විශාල ඇස්.,1998
ආබාධිත පුත්‍රයාගේ යාඥාව,8,චන්ද්‍ර මණ්ඩලයේ,NO,0,රත්න ශ්‍රී විජේසිංහ,,,,,1998
ආබාධිත පුත්‍රයාගේ යාඥාව,8,ප්‍රතිබිම්බයයි වැටුණේ,NO,0,රත්න ශ්‍රී විජේසිංහ,,,,,1998
ආබාධිත පුත්‍රයාගේ යාඥාව,8,අමාවක දවසේ,NO,0,රත්න ශ්‍රී විජේසිංහ,,,,,1998
ආබාධිත පුත්‍රයාගේ යාඥාව,8,ඔබ පායන්න අම්මේ,NO,0,රත්න ශ්‍රී විජේසිංහ,,,,,1998
ආබාධිත පුත්‍රයාගේ යාඥාව,8,මෘ දරුවෙකැයි වැටහී,NO,0,රත්න ශ්‍රී විජේසිංහ,,,,,1998
ආබාධිත පුත්‍රයාගේ යාඥාව,8,ඇස්‌ අමතකව යාවී,NO,0,රත්න ශ්‍රී විජේසිංහ,,,,,1998
ආබාධිත පුත්‍රයාගේ යාඥාව,8,කුරවියන්‌ ගොළු වී,NO,0,රත්න ශ්‍රී විජේසිංහ,,,,,1998
ආබාධිත පුත්‍රයාගේ යාඥාව,8,රසවතුන්‌ කන්‌ ඇහිරී,NO,0,රත්න ශ්‍රී විජේසිංහ,,,,,1998
ආබාධිත පුත්‍රයාගේ යාඥාව,8,චිරහිණින්‌ වැළපේ,NO,0,රත්න ශ්‍රී විජේසිංහ,,,,,1998
ආබාධිත පුත්‍රයාගේ යාඥාව,8,නිශ්ශබ්ද රජ දහනේ,NO,0,රත්න ශ්‍රී විජේසිංහ,,,,,1998
ආබාධිත පුත්‍රයාගේ යාඥාව,8,නැළවිල්ලකට පෙරළී,YES,1,රත්න ශ්‍රී විජේසිංහ,නැළවිල්ලකට පෙරළී,නැළවිල්ල, අම්මා., අම්මාට සිත සැනසිය හැකි බව.,1998
ආබාධිත පුත්‍රයාගේ යාඥාව,8,ඔබ පැමිණෙන්න අම්මේ,NO,0,රත්න ශ්‍රී විජේසිංහ,,,,,1998
ආබාධිත පුත්‍රයාගේ යාඥාව,8,ප්‍රේමයේ තත්‌ සෙලවී,NO,0,රත්න ශ්‍රී විජේසිංහ,,,,,1998
ආබාධිත පුත්‍රයාගේ යාඥාව,8,මා ගීතයක්‌ වේවී,YES,1,රත්න ශ්‍රී විජේසිංහ,මා ගීතයක්‌ වේවී,ගීතය,මම, මා සැහැල්ලු වන බව.,1998
ආබාධිත පුත්‍රයාගේ යාඥාව,8,ලෝකයට තටු ලැබිලා,NO,0,රත්න ශ්‍රී විජේසිංහ,,,,,1998
ආබාධිත පුත්‍රයාගේ යාඥාව,8,දුර පියාඹා ඉගිලේ,NO,0,රත්න ශ්‍රී විජේසිංහ,,,,,1998
ආබාධිත පුත්‍රයාගේ යාඥාව,8,සුන්‌ දෑත්‌ ඔසවා මම්‌,NO,0,රත්න ශ්‍රී විජේසිංහ,,,,,1998
ආබාධිත පුත්‍රයාගේ යාඥාව,8,ඒ කොයි ලෙයින්‌ වළකම්‌,NO,0,රත්න ශ්‍රී විජේසිංහ,,,,,1998
ආබාධිත පුත්‍රයාගේ යාඥාව,8,පා අහිමි වී ගිය මම්‌,NO,0,රත්න ශ්‍රී විජේසිංහ,,,,,1998
ආබාධිත පුත්‍රයාගේ යාඥාව,8,ලුහුබඳිම්‌ දෝ කෙලෙසින්‌,NO,0,රත්න ශ්‍රී විජේසිංහ,,,,,1998
ආබාධිත පුත්‍රයාගේ යාඥාව,8,සීත සුළඟක්‌ වී,YES,1,රත්න ශ්‍රී විජේසිංහ,සීත සුළඟක්‌ වී,සීත සුළඟ, අම්මා.,සහනයක්  වී,1998
ආබාධිත පුත්‍රයාගේ යාඥාව,8,මා සිප ගන්න අම්මේ,NO,0,රත්න ශ්‍රී විජේසිංහ,,,,,1998
ආබාධිත පුත්‍රයාගේ යාඥාව,8,අත්‌ පා මැවී තටු සේ,YES,1,රත්න ශ්‍රී විජේසිංහ,අත්‌ පා මැවී තටු සේ,තටු,අත්‌ පා,නිදහස සිතින් මැවෙන බව,1998
ආබාධිත පුත්‍රයාගේ යාඥාව,8,සිත ඉගිල්ලෙයි අහසේ,NO,0,රත්න ශ්‍රී විජේසිංහ,,,,,1998
ආබාධිත පුත්‍රයාගේ යාඥාව,8,වර්ෂාව මවු කිරි වේ,YES,1,රත්න ශ්‍රී විජේසිංහ,වර්ෂාව මවු කිරි වේ,වර්ෂාව,මවු කිරි,සොබාදහමේ දේවල් වලින් නිදහස  ලැබෙන සැටි මවා ගන්න ආකාරය.,1998
ආබාධිත පුත්‍රයාගේ යාඥාව,8,ඉර එළිය දෑසක්‌ වේ,YES,1,රත්න ශ්‍රී විජේසිංහ,ඉර එළිය දෑසක්‌ වේ,ඉර එළිය,දෑසක්‌,සොබාදහමේ දේවල් වලින් නිදහස  ලැබෙන සැටි මවා ගන්න ආකාරය.,1998
ආබාධිත පුත්‍රයාගේ යාඥාව,8,මඳ සුළඟ කටහඬ වේ,YES,1,රත්න ශ්‍රී විජේසිංහ,මඳ සුළඟ කටහඬ වේ,මඳ සුළඟ,කටහඬ,සොබාදහමේ දේවල් වලින් නිදහස  ලැබෙන සැටි මවා ගන්න ආකාරය.,1998
ආබාධිත පුත්‍රයාගේ යාඥාව,8,මහ පොළොව අත පය දේ,NO,0,රත්න ශ්‍රී විජේසිංහ,,,,,1998
ආබාධිත පුත්‍රයාගේ යාඥාව,8,උස්‌ ජීවිතේ මුදුනේ,YES,1,රත්න ශ්‍රී විජේසිංහ,උස්‌ ජීවිතේ මුදුනේ,ජීවිතේ මුදුනේ,අම්මාගේ උකුල,අම්මාගේ  සෙනෙහස ඉතා වටිනා බව.,1998
ආබාධිත පුත්‍රයාගේ යාඥාව,8,අම්මලාගේ උකුලේ,NO,0,රත්න ශ්‍රී විජේසිංහ,,,,,1998
ආබාධිත පුත්‍රයාගේ යාඥාව,8,මිනිසුන්‌ ය වැඩ ඉන්නේ,NO,0,රත්න ශ්‍රී විජේසිංහ,,,,,1998
ආබාධිත පුත්‍රයාගේ යාඥාව,8,මා වනමලක්‌ කර ලා,YES,1,රත්න ශ්‍රී විජේසිංහ,මා වනමලක්‌ කර ලා,වනමල,මම,මා අතහැර දමන ලෙස.,1998
ආබාධිත පුත්‍රයාගේ යාඥාව,8,එහි විසි කරනු මැනවී,NO,0,රත්න ශ්‍රී විජේසිංහ,,,,,1998
ආබාධිත පුත්‍රයාගේ යාඥාව,8,පූජා වෙන්නට සිත්‌ සේ,NO,0,රත්න ශ්‍රී විජේසිංහ,,,,,1998
ආබාධිත පුත්‍රයාගේ යාඥාව,8,අඬන්නෙ පා අම්මේ,NO,0,රත්න ශ්‍රී විජේසිංහ,,,,,1998
ආබාධිත පුත්‍රයාගේ යාඥාව,8,මට කඳුළු නෙවෙයි ඕනෑ,NO,0,රත්න ශ්‍රී විජේසිංහ,,,,,1998
ආබාධිත පුත්‍රයාගේ යාඥාව,8,සීතලට පිපෙන්නට බෑ,NO,0,රත්න ශ්‍රී විජේසිංහ,,,,,1998
ආබාධිත පුත්‍රයාගේ යාඥාව,8,උණුහුමයි මට ඕනෑ,NO,0,රත්න ශ්‍රී විජේසිංහ,,,,,1998
පෙදරේරැ මාමණ්ඩි,9,මහ සෑයට රන්කොත නැත,NO,0,රත්න ශ්‍රී විජේසිංහ,,,,,1998
පෙදරේරැ මාමණ්ඩි,9,නුඹ නො ගියා නම්‌ ඉහළට,NO,0,රත්න ශ්‍රී විජේසිංහ,,,,,1998
පෙදරේරැ මාමණ්ඩි,9,මල්‌ පුදන්ට යහනක්‌ නැත,NO,0,රත්න ශ්‍රී විජේසිංහ,,,,,1998
පෙදරේරැ මාමණ්ඩි,9,නුඹේ වීරිය නොලැබෙන්නට,NO,0,රත්න ශ්‍රී විජේසිංහ,,,,,1998
පෙදරේරැ මාමණ්ඩි,9,සෑ පාමුල සිරි පතුල ට,NO,0,රත්න ශ්‍රී විජේසිංහ,,,,,1998
පෙදරේරැ මාමණ්ඩි,9,මඟුල්‌ ලකුණු එකසිය අට,NO,0,රත්න ශ්‍රී විජේසිංහ,,,,,1998
පෙදරේරැ මාමණ්ඩි,9,මාමණ්ඩියෙ නුඹ ඇන්දා,NO,0,රත්න ශ්‍රී විජේසිංහ,,,,,1998
පෙදරේරැ මාමණ්ඩි,9,කටින්‌ කියා එකින්‌ එකට,NO,0,රත්න ශ්‍රී විජේසිංහ,,,,,1998
පෙදරේරැ මාමණ්ඩි,9,තුන්සිය හැටපස්‌ දවසෙ ම,NO,0,රත්න ශ්‍රී විජේසිංහ,,,,,1998
පෙදරේරැ මාමණ්ඩි,9,නුඹ වැපිරුව ඩාදිය ඇට,YES,1,රත්න ශ්‍රී විජේසිංහ,ඩාදිය ඇට,ඇට,ඩාදිය,මහන්සිය ඵල දරා ඇති බව.,1998
පෙදරේරැ මාමණ්ඩි,9,දෙපෙති වෙලා කිරි වැදිලා,NO,0,රත්න ශ්‍රී විජේසිංහ,,,,,1998
පෙදරේරැ මාමණ්ඩි,9,රත්රන්‌ පළ ගන්නා විට,NO,0,රත්න ශ්‍රී විජේසිංහ,,,,,1998
පෙදරේරැ මාමණ්ඩි,9,නුඹට ඕනැ වුණා ඉන්ට,NO,0,රත්න ශ්‍රී විජේසිංහ,,,,,1998
පෙදරේරැ මාමණ්ඩි,9,හෑල්ලුවට - හරි චාමෙට,NO,0,රත්න ශ්‍රී විජේසිංහ,,,,,1998
පෙදරේරැ මාමණ්ඩි,9,නුඹ වාගෙ ම හිස නමාන,NO,0,රත්න ශ්‍රී විජේසිංහ,,,,,1998
පෙදරේරැ මාමණ්ඩි,9,ගරු සරු ඇතුව ම ලෝකෙට,NO,0,රත්න ශ්‍රී විජේසිංහ,,,,,1998
පෙදරේරැ මාමණ්ඩි,9,නුඹේ අතින්‌ ගඩොළ ගඩොළ,NO,0,රත්න ශ්‍රී විජේසිංහ,,,,,1998
පෙදරේරැ මාමණ්ඩි,9,තබා බැන්ද පිය ගැට පෙළ,NO,0,රත්න ශ්‍රී විජේසිංහ,,,,,1998
පෙදරේරැ මාමණ්ඩි,9,ඉස්මත්තේ තව්තිසාව,NO,0,රත්න ශ්‍රී විජේසිංහ,,,,,1998
පෙදරේරැ මාමණ්ඩි,9,ගෙවඳදින සුබ මඟුල්‌ දා ට,NO,0,රත්න ශ්‍රී විජේසිංහ,,,,,1998
පෙදරේරැ මාමණ්ඩි,9,ආකාසෙන්‌ කඳුළු බිඳක්‌,NO,0,රත්න ශ්‍රී විජේසිංහ,,,,,1998
පෙදරේරැ මාමණ්ඩි,9,පිදුරු පියස්සෙන්‌ වැටුණ ට,NO,0,රත්න ශ්‍රී විජේසිංහ,,,,,1998
පෙදරේරැ මාමණ්ඩි,9,මැටි පොළොවේ නුඹේ යහන,NO,0,රත්න ශ්‍රී විජේසිංහ,,,,,1998
පෙදරේරැ මාමණ්ඩි,9,මවු තුරුලක්‌ වගෙ උණුහුම,YES,1,රත්න ශ්‍රී විජේසිංහ,මවු තුරුලක්‌ වගෙ උණුහුම,මවු තුරුල,යහන,යහන සුව පහසු බව.,1998
පෙදරේරැ මාමණ්ඩි,9,සතුරන්‌ පොලු ගසාලන්න,NO,0,රත්න ශ්‍රී විජේසිංහ,,,,,1998
පෙදරේරැ මාමණ්ඩි,9,අතට දුන්න මඟුල්‌ කඩුව,NO,0,රත්න ශ්‍රී විජේසිංහ,,,,,1998
පෙදරේරැ මාමණ්ඩි,9,හිනා වෙලා නුඹ දුන්නා,NO,0,රත්න ශ්‍රී විජේසිංහ,,,,,1998
පෙදරේරැ මාමණ්ඩි,9,උන්‌ අතට ම - චන්දෙ දා ම,NO,0,රත්න ශ්‍රී විජේසිංහ,,,,,1998
පෙදරේරැ මාමණ්ඩි,9,පලංචියේ උණ පුරුකක්‌,NO,0,රත්න ශ්‍රී විජේසිංහ,,,,,1998
පෙදරේරැ මාමණ්ඩි,9,වලංගු නැති වී දවසක,NO,0,රත්න ශ්‍රී විජේසිංහ,,,,,1998
පෙදරේරැ මාමණ්ඩි,9,විහාර ගේ ආකාසෙන්‌,YES,1,රත්න ශ්‍රී විජේසිංහ,විහාර ගේ ආකාසෙන්‌,ආකාසෙන්‌,විහාර ගේ වහල, විහාර ගෙයි  වහලෙන්.,1998
පෙදරේරැ මාමණ්ඩි,9,නුඹ වැටුණා බොල්‌ පොළොවට,NO,0,රත්න ශ්‍රී විජේසිංහ,,,,,1998
පෙදරේරැ මාමණ්ඩි,9,සිරි පතුලේ සිරස වැදී,NO,0,රත්න ශ්‍රී විජේසිංහ,,,,,1998
පෙදරේරැ මාමණ්ඩි,9,සිතුවම්‌ වුණ ලේ සලකුණ,NO,0,රත්න ශ්‍රී විජේසිංහ,,,,,1998
පෙදරේරැ මාමණ්ඩි,9,නමඳින අවමගුල්‌ ලකුණ,YES,1,රත්න ශ්‍රී විජේසිංහ,නමඳින අවමගුල්‌ ලකුණ,අවමගුල්‌ ලකුණ,ලේ සලකුණ,ලේ පැල්ලම මරණයේ සංකේතයක් බව.,1998
ගුරැ නීච වීම,10,දිසාපාමොක්‌ නුඹ ද ඇදුරිඳ,NO,0,රත්න ශ්‍රී විජේසිංහ,,,,,1998
ගුරැ නීච වීම,10,ධනුද්ධර වූ දිවාකර ලෙස,YES,1,රත්න ශ්‍රී විජේසිංහ,ධනුද්ධර වූ දිවාකර ලෙස,දිවාකර,දිසාපාමොක්‌,ගුරුතුමා ඉතා තේජාන්විත බව.,1998
ගුරැ නීච වීම,10,නික්ම බරණැස අසපුවේ සිට,NO,0,රත්න ශ්‍රී විජේසිංහ,,,,,1998
ගුරැ නීච වීම,10,ඇවිද සිවු වේදයේ පරතෙර,NO,0,රත්න ශ්‍රී විජේසිංහ,,,,,1998
ගුරැ නීච වීම,10,පැණසර ව හිඳ වන්නි ගම්‌ දොර,NO,0,රත්න ශ්‍රී විජේසිංහ,,,,,1998
ගුරැ නීච වීම,10,කුමට ආයෙ ද මෙවන්‌ වාසල?,NO,0,රත්න ශ්‍රී විජේසිංහ,,,,,1998
ගුරැ නීච වීම,10,ඉපල්‌ වේවැල්‌ කෝටු නාරං,NO,0,රත්න ශ්‍රී විජේසිංහ,,,,,1998
ගුරැ නීච වීම,10,නො පාවිද මේ නිරිඳු දෑතට?,YES,1,රත්න ශ්‍රී විජේසිංහ,මේ නිරිඳු,නිරිඳු,දිසාපාමොක්‌,ගුරුතුමා ඉතා තේජාන්විත බව.,1998
ගුරැ නීච වීම,10,වැනේ බෝගන්විලා මල්‌ අතු,NO,0,රත්න ශ්‍රී විජේසිංහ,,,,,1998
ගුරැ නීච වීම,10,පෙනේ මහ වාසලේ නිරුවත,NO,0,රත්න ශ්‍රී විජේසිංහ,,,,,1998
ගුරැ නීච වීම,10,"බලන්‌ අර, ඇදුරිඳුනි ඇතුළත",NO,0,රත්න ශ්‍රී විජේසිංහ,,,,,1998
ගුරැ නීච වීම,10,නරදෙව්ඳු සැරිසරණ මහිමය!,YES,1,රත්න ශ්‍රී විජේසිංහ,නරදෙව්ඳු,දෙව්ඳු,රජ, රජතුමාට විශාල බලයක් ඇති බව.,1998
ගුරැ නීච වීම,10,සඳුන්‌ කිරිපැන්‌ වඩන පිරිවර,NO,0,රත්න ශ්‍රී විජේසිංහ,,,,,1998
ගුරැ නීච වීම,10,සෙමෙර සොලවන දේව දාසිය,NO,0,රත්න ශ්‍රී විජේසිංහ,,,,,1998
ගුරැ නීච වීම,10,පාද පංකජ ධූලි ලෙවකන,YES,1,රත්න ශ්‍රී විජේසිංහ,පාද පංකජ,පංකජ,පාද, පාද ඉතා වටිනා බව.,1998
ගුරැ නීච වීම,10,නිවට කැරපොතු බමර පිරිවර,YES,1,රත්න ශ්‍රී විජේසිංහ,කැරපොතු බමර පිරිවර,කැරපොතු,බමර පිරිවර,පිරිස රජුගෙන් වාසි ලබාගන්නා බව.,1998
ගුරැ නීච වීම,10,දොරටු පල්ලෝ සෘද්ධියෙන්‌ යති,NO,0,රත්න ශ්‍රී විජේසිංහ,,,,,1998
ගුරැ නීච වීම,10,ලියන්නෝ රන්‌ පොතක්‌ පෙරළති,NO,0,රත්න ශ්‍රී විජේසිංහ,,,,,1998
ගුරැ නීච වීම,10,වැදී වීදුරු තිර සතක්‌ තුළ,NO,0,රත්න ශ්‍රී විජේසිංහ,,,,,1998
ගුරැ නීච වීම,10,ඇසේ රජු සොටු සූරනා හඬ,NO,0,රත්න ශ්‍රී විජේසිංහ,,,,,1998
ගුරැ නීච වීම,10,ගොසින්‌ බූමාටුවන්‌ පසුපස,NO,0,රත්න ශ්‍රී විජේසිංහ,,,,,1998
ගුරැ නීච වීම,10,ධ්‍යාන ලත්‌ පූසාරියන්‌ වෙත,NO,0,රත්න ශ්‍රී විජේසිංහ,,,,,1998
ගුරැ නීච වීම,10,ඔළුව කසමින්‌ කඩා කොඳු ඇට,NO,0,රත්න ශ්‍රී විජේසිංහ,,,,,1998
ගුරැ නීච වීම,10,ඉඳින්‌ නුඹ ආ කරුණ පවසව|,NO,0,රත්න ශ්‍රී විජේසිංහ,,,,,1998
ගුරැ නීච වීම,10,මවා ගත්‌ වීදුරු ගුහාවක,NO,0,රත්න ශ්‍රී විජේසිංහ,,,,,1998
ගුරැ නීච වීම,10,රජව සිටි පිංගල පක්‍ෂි තෙම,YES,1,රත්න ශ්‍රී විජේසිංහ,රජව සිටි පිංගල පක්‍ෂි තෙම,පිංගල පක්‍ෂි,රජ,රජු  හිස උදුම්මා ගෙන ඇති බව.,1998
ගුරැ නීච වීම,10,බැලී සුරගුරු නාඳුනන ලෙස,NO,0,රත්න ශ්‍රී විජේසිංහ,,,,,1998
ගුරැ නීච වීම,10,රචා උපැසට යටින්‌ ඔහු දෙස,NO,0,රත්න ශ්‍රී විජේසිංහ,,,,,1998
ගුරැ නීච වීම,10,වර්ගෝත්තම මම ය මෙතැනට,YES,1,රත්න ශ්‍රී විජේසිංහ,වර්ගෝත්තම මම ය මෙතැනට,වර්ගෝත්තම,මම,රජු උසස්ම පුද්ගලයා බව.,1998
ගුරැ නීච වීම,10,ණීච වී තොප යනුය මකරෙට',NO,0,රත්න ශ්‍රී විජේසිංහ,,,,,1998
ගුරැ නීච වීම,10,එදා තල මිට සොරා කන විට,NO,0,රත්න ශ්‍රී විජේසිංහ,,,,,1998
ගුරැ නීච වීම,10,දෙවා උණු පතු පහර පිට මැද,NO,0,රත්න ශ්‍රී විජේසිංහ,,,,,1998
ගුරැ නීච වීම,10,එපාකී හේතුවෙන්‌ ඇදුරිඳ,NO,0,රත්න ශ්‍රී විජේසිංහ,,,,,1998
ගුරැ නීච වීම,10,සපා කෑ යුතු නොවෙද ඔබෙ අත,NO,0,රත්න ශ්‍රී විජේසිංහ,,,,,1998
ගුරැ නීච වීම,10,නොකා මේ මුළු මහත්‌ දඹදිව,NO,0,රත්න ශ්‍රී විජේසිංහ,,,,,1998
ගුරැ නීච වීම,10,සපා කෑවත්‌ කිම්‌ ද ඔබෙ අත.,NO,0,රත්න ශ්‍රී විජේසිංහ,,,,,1998
පමා වූ පෙම්වත,11,යොවුන්‌ සඳ ප්‍රේමයෙන්‌ ආතුර ව,NO,0,රත්න ශ්‍රී විජේසිංහ,,,,,1998
පමා වූ පෙම්වත,11,සෙමෙන්‌ පසුපසින්‌ සැඟවී පැමිණ,NO,0,රත්න ශ්‍රී විජේසිංහ,,,,,1998
පමා වූ පෙම්වත,11,කඳු සිරස සිපගනියි,NO,0,රත්න ශ්‍රී විජේසිංහ,,,,,1998
පමා වූ පෙම්වත,11,නළලතට හාදුදෙයි,YES,1,රත්න ශ්‍රී විජේසිංහ,නළලතට හාදුදෙයි,නළලත,කඳු,සඳ කන්දෙන් වැසී ඇති බව.,1998
පමා වූ පෙම්වත,11,සිසිරයේ සුළඟ කෙළි ලොල්‌ බවින්‌,NO,0,රත්න ශ්‍රී විජේසිංහ,,,,,1998
පමා වූ පෙම්වත,11,තුසර සිරි පොද ඉසියි,NO,0,රත්න ශ්‍රී විජේසිංහ,,,,,1998
පමා වූ පෙම්වත,11,මේ රැයේ නව යොවුන්‌ යාමයයි,NO,0,රත්න ශ්‍රී විජේසිංහ,,,,,1998
පමා වූ පෙම්වත,11,දොර හැරන්‌ ඇවිද එමි.,NO,0,රත්න ශ්‍රී විජේසිංහ,,,,,1998
පමා වූ පෙම්වත,11,රෝස පෙති වැසි වසින හඬ ඇසෙයි,YES,1,රත්න ශ්‍රී විජේසිංහ,රෝස පෙති වැසි,රෝස පෙති,වැසි,මඳ වැස්සක්.,1998
පමා වූ පෙම්වත,11,මහ පොළෝ පෙම්වතිය සිනා සෙන වාෂ්පය,YES,2,රත්න ශ්‍රී විජේසිංහ,"මහ පොළෝ පෙම්වතිය, සිනා සෙන වාෂ්පය","පෙම්වතිය, වාෂ්පය","මහ පොළොව, මී දුම",පොළොවෙන් නැගෙන මීදුම ඉතා සුන්දර බව.,1998
පමා වූ පෙම්වත,11,මී දුමක්‌ වී අවට වැසීයයි.,NO,0,රත්න ශ්‍රී විජේසිංහ,,,,,1998
පමා වූ පෙම්වත,11,ගහවැල ද දඩි පෙමින්‌ මුසපත්‌ ව,NO,0,රත්න ශ්‍රී විජේසිංහ,,,,,1998
පමා වූ පෙම්වත,11,බදා උනුන්‌ වැළඳ තරයේ ම,NO,0,රත්න ශ්‍රී විජේසිංහ,,,,,1998
පමා වූ පෙම්වත,11,නිසල වචී ඇස්‌ පියාගෙන සිටියි,NO,0,රත්න ශ්‍රී විජේසිංහ,,,,,1998
පමා වූ පෙම්වත,11,නිම්නයේ හුදකලා වී හිඳින,NO,0,රත්න ශ්‍රී විජේසිංහ,,,,,1998
පමා වූ පෙම්වත,11,මා යහළු කටු පඳුර,NO,0,රත්න ශ්‍රී විජේසිංහ,,,,,1998
පමා වූ පෙම්වත,11,කාත්‌ කවුරුවත්‌ නැති,NO,0,රත්න ශ්‍රී විජේසිංහ,,,,,1998
පමා වූ පෙම්වත,11,නුඹට මම පෙම්‌ කරමි.,NO,0,රත්න ශ්‍රී විජේසිංහ,,,,,1998
පමා වූ පෙම්වත,11,අකාලේ වියපත්ව-,NO,0,රත්න ශ්‍රී විජේසිංහ,,,,,1998
පමා වූ පෙම්වත,11,"කෘශ ව ගිය මා මිතුර,",NO,0,රත්න ශ්‍රී විජේසිංහ,,,,,1998
පමා වූ පෙම්වත,11,දකිමි ඔබෙ ප්‍රේමයේ ඇටසැකිලි.,YES,1,රත්න ශ්‍රී විජේසිංහ,ප්‍රේමයේ ඇටසැකිලි.,ඇටසැකිලි,ප්‍රේමය,ප්‍රේමයෙ අවශේෂ.,1998
පමා වූ පෙම්වත,11,මෙලොව සිටි එක ම පෙම්වතකුවත්‌,NO,0,රත්න ශ්‍රී විජේසිංහ,,,,,1998
පමා වූ පෙම්වත,11,දරා ගන්නට නොහැකි ශෝකයෙන්‌,NO,0,රත්න ශ්‍රී විජේසිංහ,,,,,1998
පමා වූ පෙම්වත,11,"කිසි දා ක නොහැඬුවෙන්‌,",NO,0,රත්න ශ්‍රී විජේසිංහ,,,,,1998
පමා වූ පෙම්වත,11,නුඹ ද කඳුලක්‌ නොහෙළු බැව්‌ දනිම්‌,NO,0,රත්න ශ්‍රී විජේසිංහ,,,,,1998
පමා වූ පෙම්වත,11,නුඹ ළයෙහි මිදී ගිය ඒ කඳුළු,NO,0,රත්න ශ්‍රී විජේසිංහ,,,,,1998
පමා වූ පෙම්වත,11,සුරත්‌ පුෂ්පයක්‌ වී මෝදු වී,YES,1,රත්න ශ්‍රී විජේසිංහ,සුරත්‌ පුෂ්පයක්‌ වී,සුරත්‌ පුෂ්පය,කඳුළු,දුක යම් දිනක සතුටක් වන බව.,1998
පමා වූ පෙම්වත,11,කෙඳින හෝ නුඹෙ මුහුණ සිඹිනු ඇත.,NO,0,රත්න ශ්‍රී විජේසිංහ,,,,,1998
පමා වූ පෙම්වත,11,ප්‍රභාතය ලතු උලා අඹර'ගිනි නැගෙන විට,NO,0,රත්න ශ්‍රී විජේසිංහ,,,,,1998
පමා වූ පෙම්වත,11,සියලු සුදු මලින්‌ ලේ ගලනු ඇත.,NO,0,රත්න ශ්‍රී විජේසිංහ,,,,,1998
පමා වූ පෙම්වත,11,නුඹ නමින්‌ මම ගායනා කරමි,NO,0,රත්න ශ්‍රී විජේසිංහ,,,,,1998
පමා වූ පෙම්වත,11,"මා මිතුර,",NO,0,රත්න ශ්‍රී විජේසිංහ,,,,,1998
පමා වූ පෙම්වත,11,නුඹට අහිමිව ගිය ද,NO,0,රත්න ශ්‍රී විජේසිංහ,,,,,1998
පමා වූ පෙම්වත,11,මහනෙලක නිලන නිල,NO,0,රත්න ශ්‍රී විජේසිංහ,,,,,1998
පමා වූ පෙම්වත,11,ඉසින සුදු රේණුයෙහි සිනා පොද,NO,0,රත්න ශ්‍රී විජේසිංහ,,,,,1998
පමා වූ පෙම්වත,11,නුඹෙ සිතට වැස්සක්ය,YES,1,රත්න ශ්‍රී විජේසිංහ,නුඹෙ සිතට වැස්සක්ය,වැස්ස,සිනා පොද,ඔබගේ සිනහව සිතට සතුටක් බව.,1998
පමා වූ පෙම්වත,11,නුඹෙ ඇසට අඳුනක්ය.,YES,1,රත්න ශ්‍රී විජේසිංහ,නුඹෙ ඇසට අඳුනක්ය.,අඳුන,සිනා පොද,ඔබගේ සිනහව සිතට සතුටක් බව.,1998
පමා වූ පෙම්වත,11,සිඳී ගොස්‌ තිබුණු ගංගාධාරයේ,NO,0,රත්න ශ්‍රී විජේසිංහ,,,,,1998
පමා වූ පෙම්වත,11,පිරේවා තඹ වතුර හෙට උදේ,NO,0,රත්න ශ්‍රී විජේසිංහ,,,,,1998
පමා වූ පෙම්වත,11,කොළ හැළුණු සියලු කටු පඳුරුවල ගෙල වටේ,NO,0,රත්න ශ්‍රී විජේසිංහ,,,,,1998
පමා වූ පෙම්වත,11,සුදු සිනා පොකුරු පැළඳ වේවා හෙට උදේ,NO,0,රත්න ශ්‍රී විජේසිංහ,,,,,1998
පමා වූ පෙම්වත,11,ගිනියම්‌ ව ගිය ඈත පර්වතේ ශිඛරයේ,NO,0,රත්න ශ්‍රී විජේසිංහ,,,,,1998
පමා වූ පෙම්වත,11,මියුරු ලිය කිඳුරු ගී නැගේවා හෙට උදේ,NO,0,රත්න ශ්‍රී විජේසිංහ,,,,,1998
පමා වූ පෙම්වත,11,තියුණු විසකටු පොකුර,NO,0,රත්න ශ්‍රී විජේසිංහ,,,,,1998
පමා වූ පෙම්වත,11,මත තබා මගේ දෙතොල,NO,0,රත්න ශ්‍රී විජේසිංහ,,,,,1998
පමා වූ පෙම්වත,11,අවසාන වරට නුඹ සිප ගනිමි,NO,0,රත්න ශ්‍රී විජේසිංහ,,,,,1998
පමා වූ පෙම්වත,11,හෙට ප්‍රභාතය පිණිස,NO,0,රත්න ශ්‍රී විජේසිංහ,,,,,1998
"මවුනි, මේ නියඟයයි",12,සැඬ හිරුගෙ ගිනි විදින රතැසින්‌,YES,1,රත්න ශ්‍රී විජේසිංහ,සැඬ හිරුගෙ ගිනි විදින රතැසින්‌,රතැසින්‌,හිරු, හිරු රශ්මිය සැර බව,1998
"මවුනි, මේ නියඟයයි",12,ගලා බුබුලන ලෝ දියේ,NO,0,රත්න ශ්‍රී විජේසිංහ,,,,,1998
"මවුනි, මේ නියඟයයි",12,දවී ගිය සුදු වලා මළකුණු,YES,1,රත්න ශ්‍රී විජේසිංහ,සුදු වලා,මළකුණු,සුදු වලා,වලාකුළුවලින් වැස්සක් නොවැටෙන බව.,1998
"මවුනි, මේ නියඟයයි",12,සෙමෙන්‌ අවරට පාව යේ,NO,0,රත්න ශ්‍රී විජේසිංහ,,,,,1998
"මවුනි, මේ නියඟයයි",12,ඳරූ දළු මල්‌ පළ බරණ,NO,0,රත්න ශ්‍රී විජේසිංහ,,,,,1998
"මවුනි, මේ නියඟයයි",12,සුදු රිදී දිය හවඩිය ඉණේ,NO,0,රත්න ශ්‍රී විජේසිංහ,,,,,1998
"මවුනි, මේ නියඟයයි",12,සොරා ගත්‌ දනිසුරු ගියේ,NO,0,රත්න ශ්‍රී විජේසිංහ,,,,,1998
"මවුනි, මේ නියඟයයි",12,ඔබ හැර දමා මේ නියඟයේ,NO,0,රත්න ශ්‍රී විජේසිංහ,,,,,1998
"මවුනි, මේ නියඟයයි",12,මුදුන්‌ මුල්‌ නැති අලුත්‌ ගහ වැල,NO,0,රත්න ශ්‍රී විජේසිංහ,,,,,1998
"මවුනි, මේ නියඟයයි",12,නිසරු කර්කශ භූමියේ,NO,0,රත්න ශ්‍රී විජේසිංහ,,,,,1998
"මවුනි, මේ නියඟයයි",12,බිම වැටී පලි ගසා,NO,0,රත්න ශ්‍රී විජේසිංහ,,,,,1998
"මවුනි, මේ නියඟයයි",12,ඊයේ සිහිනයෙන්‌ දක මිය ඇදේ,NO,0,රත්න ශ්‍රී විජේසිංහ,,,,,1998
"මවුනි, මේ නියඟයයි",12,ළැම විලේ කරුණා ජලාසේ,YES,1,රත්න ශ්‍රී විජේසිංහ,කරුණා ජලාසේ,ජලාසේ,කරුණා,කරුණාව ඉතා විශාල බව.,1998
"මවුනි, මේ නියඟයයි",12,සුදු නෙළුම්‌ මල ප්‍රේමයේ,YES,1,රත්න ශ්‍රී විජේසිංහ,සුදු නෙළුම්‌ මල ප්‍රේමයේ,සුදු නෙළුම්‌ මල,ප්‍රේමය,ප්‍රේමය  පවිත්‍ර බව,1998
"මවුනි, මේ නියඟයයි",12,දවී කරවී යයි දෙපා යට,NO,0,රත්න ශ්‍රී විජේසිංහ,,,,,1998
"මවුනි, මේ නියඟයයි",12,පිපාසිත නිරි සතුන්ගේ,NO,0,රත්න ශ්‍රී විජේසිංහ,,,,,1998
"මවුනි, මේ නියඟයයි",12,ළමා වසු පැටවුන්‌ හඬන විට,NO,0,රත්න ශ්‍රී විජේසිංහ,,,,,1998
"මවුනි, මේ නියඟයයි",12,සිඳුණු කිරි මදු නිම්නයේ,NO,0,රත්න ශ්‍රී විජේසිංහ,,,,,1998
"මවුනි, මේ නියඟයයි",12,මගේ සිත මුර්ඡාව යයි,NO,0,රත්න ශ්‍රී විජේසිංහ,,,,,1998
"මවුනි, මේ නියඟයයි",12,මං මුළාවී මේ ව්‍යසනයේ,NO,0,රත්න ශ්‍රී විජේසිංහ,,,,,1998
"මවුනි, මේ නියඟයයි",12,සීතලෙන්‌ දරදඬුව වැතිරී,NO,0,රත්න ශ්‍රී විජේසිංහ,,,,,1998
"මවුනි, මේ නියඟයයි",12,ඔබේ ගිනියම්‌ පාමුලේ,NO,0,රත්න ශ්‍රී විජේසිංහ,,,,,1998
"මවුනි, මේ නියඟයයි",12,මවුනි මට ඉඩ දෙන්න ඉන්නට,NO,0,රත්න ශ්‍රී විජේසිංහ,,,,,1998
"මවුනි, මේ නියඟයයි",12,හෙට දවස එන තුරු ඔබේ.,NO,0,රත්න ශ්‍රී විජේසිංහ,,,,,1998
"මවුනි, මේ නියඟයයි",12,ඇද හැළෙමි වැස්සක්‌ ලෙසින්‌,YES,1,රත්න ශ්‍රී විජේසිංහ,වැස්සක්‌ ලෙසින්‌,වැස්ස,මම,මම සහනය ගෙන එන බව.,1998
"මවුනි, මේ නියඟයයි",12,සුණු විසුණු වී මල්‌ රෙහෙණු සේ,YES,1,රත්න ශ්‍රී විජේසිංහ,මල්‌ රෙහෙණු සේ,මල්‌ රෙහෙණු,මම,මම සහනය ගෙන එන බව.,1998
"මවුනි, මේ නියඟයයි",12,මගෙ මවුනි මා උරා ගනු මැන,NO,0,රත්න ශ්‍රී විජේසිංහ,,,,,1998
"මවුනි, මේ නියඟයයි",12,ආත්මය ඇතුළට ඔබේ.,NO,0,රත්න ශ්‍රී විජේසිංහ,,,,,1998
අව වෙසක්‌,13,ලොවට අග්‍ර වන බව,NO,0,රත්න ශ්‍රී විජේසිංහ,,,,,1998
අව වෙසක්‌,13,යකඩ කටකින්‌ ගැයුව,NO,0,රත්න ශ්‍රී විජේසිංහ,,,,,1998
අව වෙසක්‌,13,නුවර මහ සිටු පුතුගෙ,NO,0,රත්න ශ්‍රී විජේසිංහ,,,,,1998
අව වෙසක්‌,13,තොරණ දුන්‌ කළුවරය,NO,0,රත්න ශ්‍රී විජේසිංහ,,,,,1998
අව වෙසක්‌,13,දවසකට මිලට ගත්‌,NO,0,රත්න ශ්‍රී විජේසිංහ,,,,,1998
අව වෙසක්‌,13,හණ පටකි බුදු සිරිත,YES,1,රත්න ශ්‍රී විජේසිංහ,හණ පටකි බුදු සිරිත,හණ පට,බුදු සිරිත, බුදු සිරිතෙහි හරයක් ගෙන නැති බව,1998
අව වෙසක්‌,13,උයන ළඟ පිටිය මැද,NO,0,රත්න ශ්‍රී විජේසිංහ,,,,,1998
අව වෙසක්‌,13,පාළු වේදිකාවක,NO,0,රත්න ශ්‍රී විජේසිංහ,,,,,1998
අව වෙසක්‌,13,රැඟුමකින්‌ ඇද හැළුණ,NO,0,රත්න ශ්‍රී විජේසිංහ,,,,,1998
අව වෙසක්‌,13,කඳුළු දිලිසෙයි තව ම,NO,0,රත්න ශ්‍රී විජේසිංහ,,,,,1998
අව වෙසක්‌,13,ඇදී ආ මහ සෙනඟ,NO,0,රත්න ශ්‍රී විජේසිංහ,,,,,1998
අව වෙසක්‌,13,නො යාදී උයන වෙත,NO,0,රත්න ශ්‍රී විජේසිංහ,,,,,1998
අව වෙසක්‌,13,දුසිරිතට බැඳි පවුර,NO,0,රත්න ශ්‍රී විජේසිංහ,,,,,1998
අව වෙසක්‌,13,සදා ලිය රැකවරණ,NO,0,රත්න ශ්‍රී විජේසිංහ,,,,,1998
අව වෙසක්‌,13,රැයේ අබිසරඟනට,NO,0,රත්න ශ්‍රී විජේසිංහ,,,,,1998
අව වෙසක්‌,13,මුදා ලූ තන පට ද,NO,0,රත්න ශ්‍රී විජේසිංහ,,,,,1998
අව වෙසක්‌,13,උපත්‌ පාලන කොපු ද,NO,0,රත්න ශ්‍රී විජේසිංහ,,,,,1998
අව වෙසක්‌,13,වැටී ඇත පවුර අස,NO,0,රත්න ශ්‍රී විජේසිංහ,,,,,1998
අව වෙසක්‌,13,දෙතිස්‌ කුණපයන්‌ ලෙස,YES,1,රත්න ශ්‍රී විජේසිංහ,දෙතිස්‌ කුණපයන්‌ ලෙස,දෙතිස්‌ කුණපය,"තන පට, උපත්‌ පාලන කොපු", විශාල කුණු ගොඩක්.,1998
අව වෙසක්‌,13,නුවර දොර සොහොන්‌ බිම,NO,0,රත්න ශ්‍රී විජේසිංහ,,,,,1998
අව වෙසක්‌,13,අලුත්‌ රතු පස්‌ ගොඩක,NO,0,රත්න ශ්‍රී විජේසිංහ,,,,,1998
අව වෙසක්‌,13,මිනී වළවල්‌ අතර,NO,0,රත්න ශ්‍රී විජේසිංහ,,,,,1998
අව වෙසක්‌,13,බකට පහනකි දවුණ,NO,0,රත්න ශ්‍රී විජේසිංහ,,,,,1998
අව වෙසක්‌,13,සුරඟනන්‌ සේ සැදුණ,YES,1,රත්න ශ්‍රී විජේසිංහ,සුරඟනන්‌ සේ,සුරඟනන්‌,වෙසක්‌ සැරැසිලි, සැරසිලි ඉතා අලංකාර බව.,1998
අව වෙසක්‌,13,වෙසක්‌ සැරැසිලි කොහිද,NO,0,රත්න ශ්‍රී විජේසිංහ,,,,,1998
අව වෙසක්‌,13,කඩදාසි මිස පෙඟුණ,NO,0,රත්න ශ්‍රී විජේසිංහ,,,,,1998
අව වෙසක්‌,13,සිහින ඇටකටු අතර,YES,1,රත්න ශ්‍රී විජේසිංහ,සිහින ඇටකටු,ඇටකටු,සිහින, සුන්වී ගිය බලාපොරොත්තු.,1998
අව වෙසක්‌,13,බුදු කෙනකු ලොව දිනුව,NO,0,රත්න ශ්‍රී විජේසිංහ,,,,,1998
අව වෙසක්‌,13,දිනක්‌ දැකගත නුහුණ,NO,0,රත්න ශ්‍රී විජේසිංහ,,,,,1998
අව වෙසක්‌,13,එහෙත්‌ ඒ බැව්‌ නොදාන,NO,0,රත්න ශ්‍රී විජේසිංහ,,,,,1998
අව වෙසක්‌,13,"අහිංසක ලෙස නිදන,",NO,0,රත්න ශ්‍රී විජේසිංහ,,,,,1998
අව වෙසක්‌,13,බිරිඳ හා දෙදරුවන්‌,NO,0,රත්න ශ්‍රී විජේසිංහ,,,,,1998
අව වෙසක්‌,13,සිපගනිමි සෙනෙහසින,NO,0,රත්න ශ්‍රී විජේසිංහ,,,,,1998
අව වෙසක්‌,13,මම සෙමෙන්‌ පිසදමමි,NO,0,රත්න ශ්‍රී විජේසිංහ,,,,,1998
අව වෙසක්‌,13,උන්‌ ඇසෙහි නැගි කඳුළ,NO,0,රත්න ශ්‍රී විජේසිංහ,,,,,1998
සක්වාලිහිණි,14,"සොඳුර, නුඹ ලිහිණියක",YES,1,රත්න ශ්‍රී විජේසිංහ,"සොඳුර, නුඹ ලිහිණියක",ලිහිණියක,නුඹ, අප දෙදෙනා අහිංසක බව.,1998
සක්වාලිහිණි,14,රැයේ අඳුරට හඬන,NO,0,රත්න ශ්‍රී විජේසිංහ,,,,,1998
සක්වාලිහිණි,14,මම ද ලිහිණියෙක්‌ වෙමි,YES,1,රත්න ශ්‍රී විජේසිංහ,මම ද ලිහිණියෙක්‌ වෙමි,ලිහිණියෙක්‌,මම, අප දෙදෙනා අහිංසක බව.,1998
සක්වාලිහිණි,14,නුඹේ කඳුළට හඬන,NO,0,රත්න ශ්‍රී විජේසිංහ,,,,,1998
සක්වාලිහිණි,14,අහිංසක අප දෙදෙන,NO,0,රත්න ශ්‍රී විජේසිංහ,,,,,1998
සක්වාලිහිණි,14,තටු කඩා මේ ලෙසින,NO,0,රත්න ශ්‍රී විජේසිංහ,,,,,1998
සක්වාලිහිණි,14,සිඳී ගිය ගඟ දෑල,NO,0,රත්න ශ්‍රී විජේසිංහ,,,,,1998
සක්වාලිහිණි,14,හැර දුමූයේ කවුද?,NO,0,රත්න ශ්‍රී විජේසිංහ,,,,,1998
සක්වාලිහිණි,14,ලැග ඉපල්‌ අතු දෙකක,NO,0,රත්න ශ්‍රී විජේසිංහ,,,,,1998
සක්වාලිහිණි,14,පියාඹන්නට බැරිව,NO,0,රත්න ශ්‍රී විජේසිංහ,,,,,1998
සක්වාලිහිණි,14,නොපෙනී ම උනුනුනට,NO,0,රත්න ශ්‍රී විජේසිංහ,,,,,1998
සක්වාලිහිණි,14,හඬමු අපි තනි තනිව,NO,0,රත්න ශ්‍රී විජේසිංහ,,,,,1998
සක්වාලිහිණි,14,සඳට දොස්‌ නොකියන්න,NO,0,රත්න ශ්‍රී විජේසිංහ,,,,,1998
සක්වාලිහිණි,14,සඳ කුමක්‌ කරන්න ද,NO,0,රත්න ශ්‍රී විජේසිංහ,,,,,1998
සක්වාලිහිණි,14,බාල වයසින්‌ මැරුණු,NO,0,රත්න ශ්‍රී විජේසිංහ,,,,,1998
සක්වාලිහිණි,14,ප්‍රේමයකි තරු එළිය,YES,1,රත්න ශ්‍රී විජේසිංහ,ප්‍රේමයකි තරු එළිය,ප්‍රේමය,තරු එළිය,තරුඑළිය නොපෙනෙන බව.,1998
සක්වාලිහිණි,14,ළපළු පත්‌ ගිනි වැදුණ,NO,0,රත්න ශ්‍රී විජේසිංහ,,,,,1998
සක්වාලිහිණි,14,ජීවි වෘක්‍ෂය අසල,YES,1,රත්න ශ්‍රී විජේසිංහ,ජීවි වෘක්‍ෂය,වෘක්‍ෂය,ජීවි,ජීවිතය ගිනිගත් ගසක් මෙන් කටුක බව.,1998
සක්වාලිහිණි,14,මල්‌ පලාපල පතා,NO,0,රත්න ශ්‍රී විජේසිංහ,,,,,1998
සක්වාලිහිණි,14,සිඟිති රතු හොට හඬත,NO,0,රත්න ශ්‍රී විජේසිංහ,,,,,1998
මවු නැති දෙදෙන,15,දිව ඇද ඇද පෙනේ කරන,NO,0,රත්න ශ්‍රී විජේසිංහ,,,,,1998
මවු නැති දෙදෙන,15,ගිනි දල්ලේ සර්ප විෂට,YES,1,රත්න ශ්‍රී විජේසිංහ,ගිනි දල්ලේ සර්ප විෂට,සර්ප විෂ,ගිනි දල්ල,ගිනි දැල්ලේ රස්නය  ඉතා සැර බව.,1998
මවු නැති දෙදෙන,15,අහිංසක ව හිනැහුණු රතු දෙළුම්‌ තොලට,YES,1,රත්න ශ්‍රී විජේසිංහ,රතු දෙළුම්‌ තොලට,රතු දෙළුම්‌,තොල, තොල ඉතා රතු පැහැ බව.,1998
මවු නැති දෙදෙන,15,ලේ කොයින්‌ ද?,NO,0,රත්න ශ්‍රී විජේසිංහ,,,,,1998
මවු නැති දෙදෙන,15,"අනේ සරත්‌, කියන්න මට,",NO,0,රත්න ශ්‍රී විජේසිංහ,,,,,1998
මවු නැති දෙදෙන,15,මන්නාරම්‌ කච්චේරියෙ වැලි මිදුලේ,NO,0,රත්න ශ්‍රී විජේසිංහ,,,,,1998
මවු නැති දෙදෙන,15,සුදට සුදේ සිනා ඉසින,NO,0,රත්න ශ්‍රී විජේසිංහ,,,,,1998
මවු නැති දෙදෙන,15,ඔයා කොහෙද?,NO,0,රත්න ශ්‍රී විජේසිංහ,,,,,1998
මවු නැති දෙදෙන,15,පිච්ච වැලක්‌ කරට අතක්‌ දමා ගත්ත,NO,0,රත්න ශ්‍රී විජේසිංහ,,,,,1998
මවු නැති දෙදෙන,15,කනේරු මල්‌ ගහ මුල ඉඳ,NO,0,රත්න ශ්‍රී විජේසිංහ,,,,,1998
මවු නැති දෙදෙන,15,කන්‌ පෙති සිඹ සීන්‌ සුළඟ,NO,0,රත්න ශ්‍රී විජේසිංහ,,,,,1998
මවු නැති දෙදෙන,15,යන්නේ නෑ ඔයා හිටිය කාමරේට.,NO,0,රත්න ශ්‍රී විජේසිංහ,,,,,1998
මවු නැති දෙදෙන,15,කච්චේරියෙ ලොකු මිදුලේ වැටී නිදන,NO,0,රත්න ශ්‍රී විජේසිංහ,,,,,1998
මවු නැති දෙදෙන,15,සෙල්‌ ලිපියේ දියවී යන අකුරු අතර,NO,0,රත්න ශ්‍රී විජේසිංහ,,,,,1998
මවු නැති දෙදෙන,15,"අනේ සරත්‌,",NO,0,රත්න ශ්‍රී විජේසිංහ,,,,,1998
මවු නැති දෙදෙන,15,ප්‍රේමය ගැන මොකුත්‌ නැත්ද?,NO,0,රත්න ශ්‍රී විජේසිංහ,,,,,1998
මවු නැති දෙදෙන,15,වල්ලි පුරම්‌ රන්‌ තහඩුවෙ,NO,0,රත්න ශ්‍රී විජේසිංහ,,,,,1998
මවු නැති දෙදෙන,15,එක ආදර බසක්‌ නැද්ද?,NO,0,රත්න ශ්‍රී විජේසිංහ,,,,,1998
මවු නැති දෙදෙන,15,කියන්න මට.,NO,0,රත්න ශ්‍රී විජේසිංහ,,,,,1998
මවු නැති දෙදෙන,15,මුළු දවසම-,NO,0,රත්න ශ්‍රී විජේසිංහ,,,,,1998
මවු නැති දෙදෙන,15,කිසි දවසක හොඳ නෙවෙනා,NO,0,රත්න ශ්‍රී විජේසිංහ,,,,,1998
මවු නැති දෙදෙන,15,කුරිරු රෝගයක්‌ වගෙ මට.,NO,0,රත්න ශ්‍රී විජේසිංහ,,,,,1998
මවු නැති දෙදෙන,15,ආච්චියි මායි විතරයි ගේ හරියට,NO,0,රත්න ශ්‍රී විජේසිංහ,,,,,1998
මවු නැති දෙදෙන,15,මළගිය අම්මා ඇවිදින්‌,NO,0,රත්න ශ්‍රී විජේසිංහ,,,,,1998
මවු නැති දෙදෙන,15,"පිච්ච මල්‌ වඩම්‌ දාගෙන හඳ මුදුනට,",NO,0,රත්න ශ්‍රී විජේසිංහ,,,,,1998
මවු නැති දෙදෙන,15,කතා කරනවා යන්නට,NO,0,රත්න ශ්‍රී විජේසිංහ,,,,,1998
මවු නැති දෙදෙන,15,ජපමාලේ මඩු මවුන්ට,NO,0,රත්න ශ්‍රී විජේසිංහ,,,,,1998
මවු නැති දෙදෙන,15,තිරු කේතිශ්වරමේ දේවතාවුන්ට,NO,0,රත්න ශ්‍රී විජේසිංහ,,,,,1998
මවු නැති දෙදෙන,15,මේ ගින්දර ගැන කියන්ට,NO,0,රත්න ශ්‍රී විජේසිංහ,,,,,1998
මවු නැති දෙදෙන,15,මේ උස තරුස්‌ තල්‌ වැට,NO,0,රත්න ශ්‍රී විජේසිංහ,,,,,1998
මවු නැති දෙදෙන,15,හැමදාම ත්‌ මගෙ මවු රට,NO,0,රත්න ශ්‍රී විජේසිංහ,,,,,1998
මවු නැති දෙදෙන,15,මගේ සිහින මේ ඇතුළත,NO,0,රත්න ශ්‍රී විජේසිංහ,,,,,1998
මවු නැති දෙදෙන,15,ඒ සිහිනය සදාකල්ම,NO,0,රත්න ශ්‍රී විජේසිංහ,,,,,1998
මවු නැති දෙදෙන,15,ඔයා නිදන මල්‌ යහනත.,YES,1,රත්න ශ්‍රී විජේසිංහ,ඔයා නිදන මල්‌ යහනත.,මල්‌ යහන,සිහිනය,බලාපොරොත්තු සැම විටම සිතේ ඇති බව.,1998
මවු නැති දෙදෙන,15,ඔයා කියල වැඩියක්‌ නෑ,NO,0,රත්න ශ්‍රී විජේසිංහ,,,,,1998
මවු නැති දෙදෙන,15,අපෙ අම්මට,NO,0,රත්න ශ්‍රී විජේසිංහ,,,,,1998
මවු නැති දෙදෙන,15,හබල පෙති යි කිතුල්‌ පැණියි පොදි බැඳ ගෙන,NO,0,රත්න ශ්‍රී විජේසිංහ,,,,,1998
මවු නැති දෙදෙන,15,අම්ම ත්‌ ඉස්සර කර ගෙන,NO,0,රත්න ශ්‍රී විජේසිංහ,,,,,1998
මවු නැති දෙදෙන,15,"සරත්‌ ඔයා එන්න හිටියෙ අපි බලන්න,",NO,0,රත්න ශ්‍රී විජේසිංහ,,,,,1998
මවු නැති දෙදෙන,15,උදා නොවුණ ඒ දවසට,NO,0,රත්න ශ්‍රී විජේසිංහ,,,,,1998
මවු නැති දෙදෙන,15,ඉරක්‌ වෙන්න,YES,1,රත්න ශ්‍රී විජේසිංහ,ඉරක්‌ වෙන්න,ඉර,සරත්‌,ජීවිතයට ආලෝකය ගෙන එන බව.,1998
මවු නැති දෙදෙන,15,"මගේ සරත්‌,",NO,0,රත්න ශ්‍රී විජේසිංහ,,,,,1998
මවු නැති දෙදෙන,15,තරහ නෑ යි මට කියන්න,NO,0,රත්න ශ්‍රී විජේසිංහ,,,,,1998
මවු නැති දෙදෙන,15,එක ලියුමක්‌ වත්‌ එවන්න,NO,0,රත්න ශ්‍රී විජේසිංහ,,,,,1998
මවු නැති දෙදෙන,15,"නිත්‍ය කලා, නුඹේ ලියුම",NO,0,රත්න ශ්‍රී විජේසිංහ,,,,,1998
මවු නැති දෙදෙන,15,කඳුළු වැලක්‌ වාගෙයි මට,YES,1,රත්න ශ්‍රී විජේසිංහ,කඳුළු වැලක්‌ වාගෙයි මට,කඳුළු වැලක්‌,ලියුම, ලියුම ඉතා දුක්බර බව.,1998
මවු නැති දෙදෙන,15,"ඒ මගේ ම කඳුළු නොවෙද,",NO,0,රත්න ශ්‍රී විජේසිංහ,,,,,1998
මවු නැති දෙදෙන,15,ඒ ලුණු රස,NO,0,රත්න ශ්‍රී විජේසිංහ,,,,,1998
මවු නැති දෙදෙන,15,කිරි මවක ගෙ ඇඳිවත බඳු,YES,1,රත්න ශ්‍රී විජේසිංහ,කිරි මවක ගෙ ඇඳිවත බඳු,කිරි මවක ගෙ ඇඳිවත,අහස,අහස වැහි වළාකුළු වලින් කළු වී ඇති බව.,1998
මවු නැති දෙදෙන,15,කිළිටි අහස්‌ උකුලෙ නිදන,NO,0,රත්න ශ්‍රී විජේසිංහ,,,,,1998
මවු නැති දෙදෙන,15,"දියවක සඳ,",NO,0,රත්න ශ්‍රී විජේසිංහ,,,,,1998
මවු නැති දෙදෙන,15,"කවදා වියපත්‌ චේචි ද,",NO,0,රත්න ශ්‍රී විජේසිංහ,,,,,1998
මවු නැති දෙදෙන,15,"තුරුල්ලේ ම මිය යාව්ද,",NO,0,රත්න ශ්‍රී විජේසිංහ,,,,,1998
මවු නැති දෙදෙන,15,රත්තරනේ මට හරියට බෑ කියන්න.,NO,0,රත්න ශ්‍රී විජේසිංහ,,,,,1998
මවු නැති දෙදෙන,15,මහ කරුණා සෙවණැල්ලේ,YES,1,රත්න ශ්‍රී විජේසිංහ,මහ කරුණා සෙවණැල්ලේ,සෙවණැල්ලේ,කරුණාව,කරුණාව සහනයක් වන බව.,1998
මවු නැති දෙදෙන,15,සිරිමා බෝ වැලි මළුවේ,NO,0,රත්න ශ්‍රී විජේසිංහ,,,,,1998
මවු නැති දෙදෙන,15,මරු වැල පෑගී වැටුණා,NO,0,රත්න ශ්‍රී විජේසිංහ,,,,,1998
මවු නැති දෙදෙන,15,මගෙ අම්මා.,NO,0,රත්න ශ්‍රී විජේසිංහ,,,,,1998
මවු නැති දෙදෙන,15,නෙළුම්‌ මල්‌ අතින්‌ අරගෙන,NO,0,රත්න ශ්‍රී විජේසිංහ,,,,,1998
මවු නැති දෙදෙන,15,නළල්‌ තල ඇඳිලි බැඳ ගෙන.,NO,0,රත්න ශ්‍රී විජේසිංහ,,,,,1998
මවු නැති දෙදෙන,15,පිච්ච මල්‌ සුවඳ වියැකෙන තල්‌ ගස්‌ යට,NO,0,රත්න ශ්‍රී විජේසිංහ,,,,,1998
මවු නැති දෙදෙන,15,ඈ නිදි කරවා තබන්න,NO,0,රත්න ශ්‍රී විජේසිංහ,,,,,1998
මවු නැති දෙදෙන,15,"එන්නද මම,",NO,0,රත්න ශ්‍රී විජේසිංහ,,,,,1998
මවු නැති දෙදෙන,15,නිත්‍ය කලා කියන්න මට,NO,0,රත්න ශ්‍රී විජේසිංහ,,,,,1998
මවු නැති දෙදෙන,15,මවු නැති අප දෙදෙන දෙතැන,NO,0,රත්න ශ්‍රී විජේසිංහ,,,,,1998
මවු නැති දෙදෙන,15,කඳුලින්‌ කඳුලැලි සෝදන,NO,0,රත්න ශ්‍රී විජේසිංහ,,,,,1998
මවු නැති දෙදෙන,15,නිත්‍ය කලා නුඹ සහ මම...........,NO,0,රත්න ශ්‍රී විජේසිංහ,,,,,1998